{"cameraMode":{"drawMode":0,"name":"Shaded","section":"Shading Mode"},"sceneLighting":true,"audioPlay":false,"sceneViewState":{"showFog":false,"showMaterialUpdate":false,"showSkybox":false,"showFlares":false,"showImageEffects":false,"showParticleSystems":false},"in2DMode":false,"pivot":{"x":-2.9623987674713136,"y":14.321697235107422,"z":19.63379669189453},"rotation":{"x":0.04372422397136688,"y":0.9559507369995117,"z":-0.21759633719921113,"w":0.1920904666185379},"size":2.8395371437072756,"orthographic":false}