{"cameraMode":{"drawMode":0,"name":"Shaded","section":"Shading Mode"},"sceneLighting":true,"audioPlay":false,"sceneViewState":{"showFog":false,"showMaterialUpdate":false,"showSkybox":false,"showFlares":false,"showImageEffects":false,"showParticleSystems":false},"in2DMode":false,"pivot":{"x":-1.8243827819824219,"y":13.235530853271485,"z":16.021472930908204},"rotation":{"x":-0.01902383379638195,"y":0.9585649967193604,"z":-0.27647995948791506,"w":-0.06595629453659058},"size":2.8395371437072756,"orthographic":false}